<Collection MaxLevel="8" TileSize="256" Format="jpg" Quality="90" NextItemId="24">
  <Items>
    <I Source="http://localhost:56966/jellyfish/sl/out/collection_images/sysadmin_20081015105724_0001.xml" Id="0" N="0" Type="ImagePixelSource">
      <Size Width="134" Height="89" />
      <Viewport X="0" Y="0" Width="5.004664" />
    </I>
    <I Source="http://localhost:56966/jellyfish/sl/out/collection_images/sysadmin_20081015105626_0001.xml" Id="1" N="1" Type="ImagePixelSource">
      <Size Width="134" Height="89" />
      <Viewport X="-1.001166" Y="0" Width="5.004664" />
    </I>
    <I Source="http://localhost:56966/jellyfish/sl/out/collection_images/sysadmin_20081015105525_0001.xml" Id="2" N="2" Type="ImagePixelSource">
      <Size Width="134" Height="89" />
      <Viewport X="-2.002332" Y="0" Width="5.004664" />
    </I>
    <I Source="http://localhost:56966/jellyfish/sl/out/collection_images/sysadmin_20081015105400_0001.xml" Id="3" N="3" Type="ImagePixelSource">
      <Size Width="134" Height="89" />
      <Viewport X="-3.003498" Y="0" Width="5.004664" />
    </I>
    <I Source="http://localhost:56966/jellyfish/sl/out/collection_images/sysadmin_20081015105233_0001.xml" Id="4" N="4" Type="ImagePixelSource">
      <Size Width="134" Height="89" />
      <Viewport X="-4.004664" Y="0" Width="5.004664" />
    </I>
    <I Source="http://localhost:56966/jellyfish/sl/out/collection_images/sysadmin_20081015103554_0001.xml" Id="5" N="5" Type="ImagePixelSource">
      <Size Width="134" Height="89" />
      <Viewport X="0" Y="-0.6653452" Width="5.004664" />
    </I>
    <I Source="http://localhost:56966/jellyfish/sl/out/collection_images/sysadmin_20081015103515_0001.xml" Id="6" N="6" Type="ImagePixelSource">
      <Size Width="134" Height="89" />
      <Viewport X="-1.001166" Y="-0.6653452" Width="5.004664" />
    </I>
    <I Source="http://localhost:56966/jellyfish/sl/out/collection_images/sysadmin_20081015103438_0001.xml" Id="7" N="7" Type="ImagePixelSource">
      <Size Width="134" Height="89" />
      <Viewport X="-2.002332" Y="-0.6653452" Width="5.004664" />
    </I>
    <I Source="http://localhost:56966/jellyfish/sl/out/collection_images/sysadmin_20081015103402_0001.xml" Id="8" N="8" Type="ImagePixelSource">
      <Size Width="134" Height="89" />
      <Viewport X="-3.003498" Y="-0.6653452" Width="5.004664" />
    </I>
    <I Source="http://localhost:56966/jellyfish/sl/out/collection_images/sysadmin_20081015103324_0001.xml" Id="9" N="9" Type="ImagePixelSource">
      <Size Width="134" Height="89" />
      <Viewport X="-4.004664" Y="-0.6653452" Width="5.004664" />
    </I>
    <I Source="http://localhost:56966/jellyfish/sl/out/collection_images/sysadmin_20081015103240_0001.xml" Id="10" N="10" Type="ImagePixelSource">
      <Size Width="134" Height="89" />
      <Viewport X="0" Y="-1.33069" Width="5.004664" />
    </I>
    <I Source="http://localhost:56966/jellyfish/sl/out/collection_images/sysadmin_20081015103059_0001.xml" Id="11" N="11" Type="ImagePixelSource">
      <Size Width="215" Height="143" />
      <Viewport X="-5.003496" Y="-6.65035" Width="25.01165" />
    </I>
    <I Source="http://localhost:56966/jellyfish/sl/out/collection_images/paul_20081015111743_0001.xml" Id="12" N="12" Type="ImagePixelSource">
      <Size Width="228" Height="171" />
      <Viewport X="-1.413377" Y="-1.564145" Width="5.882676" />
    </I>
    <I Source="http://localhost:56966/jellyfish/sl/out/collection_images/paul_20081015111656_0001.xml" Id="13" N="13" Type="ImagePixelSource">
      <Size Width="200" Height="150" />
      <Viewport X="-5.505625" Y="-3.56625" Width="13.4125" />
    </I>
    <I Source="http://localhost:56966/jellyfish/sl/out/collection_images/paul_20081015111544_0001.xml" Id="14" N="14" Type="ImagePixelSource">
      <Size Width="134" Height="89" />
      <Viewport X="-2.428638" Y="-1.33069" Width="5.004664" />
    </I>
    <I Source="http://localhost:56966/jellyfish/sl/out/collection_images/paul_20081015111431_0001.xml" Id="15" N="15" Type="ImagePixelSource">
      <Size Width="134" Height="89" />
      <Viewport X="0" Y="-1.996035" Width="5.004664" />
    </I>
    <I Source="http://localhost:56966/jellyfish/sl/out/collection_images/paul_20081015111335_0001.xml" Id="16" N="16" Type="ImagePixelSource">
      <Size Width="134" Height="89" />
      <Viewport X="-1.001166" Y="-1.996035" Width="5.004664" />
    </I>
    <I Source="http://localhost:56966/jellyfish/sl/out/collection_images/paul_20081015111232_0001.xml" Id="17" N="17" Type="ImagePixelSource">
      <Size Width="134" Height="89" />
      <Viewport X="-2.002332" Y="-1.996035" Width="5.004664" />
    </I>
    <I Source="http://localhost:56966/jellyfish/sl/out/collection_images/paul_20081015111133_0001.xml" Id="18" N="18" Type="ImagePixelSource">
      <Size Width="134" Height="89" />
      <Viewport X="-3.003498" Y="-1.996035" Width="5.004664" />
    </I>
    <I Source="http://localhost:56966/jellyfish/sl/out/collection_images/paul_20081015111029_0001.xml" Id="19" N="19" Type="ImagePixelSource">
      <Size Width="134" Height="89" />
      <Viewport X="-4.004664" Y="-1.996035" Width="5.004664" />
    </I>
    <I Source="http://localhost:56966/jellyfish/sl/out/collection_images/paul_20081015110818_0001.xml" Id="20" N="20" Type="ImagePixelSource">
      <Size Width="134" Height="89" />
      <Viewport X="0" Y="-2.661381" Width="5.004664" />
    </I>
    <I Source="http://localhost:56966/jellyfish/sl/out/collection_images/paul_20081015110544_0001.xml" Id="21" N="21" Type="ImagePixelSource">
      <Size Width="134" Height="89" />
      <Viewport X="-1.001166" Y="-2.661381" Width="5.004664" />
    </I>
    <I Source="http://localhost:56966/jellyfish/sl/out/collection_images/paul_20081015110449_0001.xml" Id="22" N="22" Type="ImagePixelSource">
      <Size Width="134" Height="89" />
      <Viewport X="-2.002332" Y="-2.661381" Width="5.004664" />
    </I>
    <I Source="http://localhost:56966/jellyfish/sl/out/collection_images/paul_20081015110305_0001.xml" Id="23" N="23" Type="ImagePixelSource">
      <Size Width="134" Height="89" />
      <Viewport X="-3.003498" Y="-2.661381" Width="5.004664" />
    </I>
  </Items>
</Collection>