<Collection MaxLevel="8" TileSize="256" Format="jpg" Quality="90" NextItemId="12">
  <Items>
    <I Source="/jellyfishDZApp.Web/sl/out/collection_images/paul_20081015111743_0001.xml" Id="0" N="0" Type="ImagePixelSource">
      <Size Width="228" Height="171" />
      <Viewport X="0" Y="0" Width="4.705866" />
    </I>
    <I Source="/jellyfishDZApp.Web/sl/out/collection_images/paul_20081015111656_0001.xml" Id="1" N="1" Type="ImagePixelSource">
      <Size Width="200" Height="150" />
      <Viewport X="-2.283125" Y="0" Width="10.72937" />
    </I>
    <I Source="/jellyfishDZApp.Web/sl/out/collection_images/paul_20081015111544_0001.xml" Id="2" N="2" Type="ImagePixelSource">
      <Size Width="134" Height="89" />
      <Viewport X="-1.226213" Y="0" Width="4.003498" />
    </I>
    <I Source="/jellyfishDZApp.Web/sl/out/collection_images/paul_20081015111431_0001.xml" Id="3" N="3" Type="ImagePixelSource">
      <Size Width="134" Height="89" />
      <Viewport X="-2.227379" Y="0" Width="4.003498" />
    </I>
    <I Source="/jellyfishDZApp.Web/sl/out/collection_images/paul_20081015111335_0001.xml" Id="4" N="4" Type="ImagePixelSource">
      <Size Width="134" Height="89" />
      <Viewport X="0" Y="-0.6653451" Width="4.003498" />
    </I>
    <I Source="/jellyfishDZApp.Web/sl/out/collection_images/paul_20081015111232_0001.xml" Id="5" N="5" Type="ImagePixelSource">
      <Size Width="134" Height="89" />
      <Viewport X="-1.001166" Y="-0.6653451" Width="4.003498" />
    </I>
    <I Source="/jellyfishDZApp.Web/sl/out/collection_images/paul_20081015111133_0001.xml" Id="6" N="6" Type="ImagePixelSource">
      <Size Width="134" Height="89" />
      <Viewport X="-2.002332" Y="-0.6653451" Width="4.003498" />
    </I>
    <I Source="/jellyfishDZApp.Web/sl/out/collection_images/paul_20081015111029_0001.xml" Id="7" N="7" Type="ImagePixelSource">
      <Size Width="134" Height="89" />
      <Viewport X="-3.003498" Y="-0.6653451" Width="4.003498" />
    </I>
    <I Source="/jellyfishDZApp.Web/sl/out/collection_images/paul_20081015110818_0001.xml" Id="8" N="8" Type="ImagePixelSource">
      <Size Width="134" Height="89" />
      <Viewport X="0" Y="-1.33069" Width="4.003498" />
    </I>
    <I Source="/jellyfishDZApp.Web/sl/out/collection_images/paul_20081015110544_0001.xml" Id="9" N="9" Type="ImagePixelSource">
      <Size Width="134" Height="89" />
      <Viewport X="-1.001166" Y="-1.33069" Width="4.003498" />
    </I>
    <I Source="/jellyfishDZApp.Web/sl/out/collection_images/paul_20081015110449_0001.xml" Id="10" N="10" Type="ImagePixelSource">
      <Size Width="134" Height="89" />
      <Viewport X="-2.002332" Y="-1.33069" Width="4.003498" />
    </I>
    <I Source="/jellyfishDZApp.Web/sl/out/collection_images/paul_20081015110305_0001.xml" Id="11" N="11" Type="ImagePixelSource">
      <Size Width="134" Height="89" />
      <Viewport X="-3.003498" Y="-1.33069" Width="4.003498" />
    </I>
  </Items>
</Collection>