<Collection MaxLevel="8" TileSize="256" Format="jpg" Quality="90" NextItemId="12">
  <Items>
    <I Source="/jellyfishDZApp.Web/sl/out/collection_images/sysadmin_20081015105724_0001.xml" Id="0" N="0" Type="ImagePixelSource">
      <Size Width="134" Height="89" />
      <Viewport X="0" Y="0" Width="4.003498" />
    </I>
    <I Source="/jellyfishDZApp.Web/sl/out/collection_images/sysadmin_20081015105626_0001.xml" Id="1" N="1" Type="ImagePixelSource">
      <Size Width="134" Height="89" />
      <Viewport X="-1.001166" Y="0" Width="4.003498" />
    </I>
    <I Source="/jellyfishDZApp.Web/sl/out/collection_images/sysadmin_20081015105525_0001.xml" Id="2" N="2" Type="ImagePixelSource">
      <Size Width="134" Height="89" />
      <Viewport X="-2.002332" Y="0" Width="4.003498" />
    </I>
    <I Source="/jellyfishDZApp.Web/sl/out/collection_images/sysadmin_20081015105400_0001.xml" Id="3" N="3" Type="ImagePixelSource">
      <Size Width="134" Height="89" />
      <Viewport X="-3.003498" Y="0" Width="4.003498" />
    </I>
    <I Source="/jellyfishDZApp.Web/sl/out/collection_images/sysadmin_20081015105233_0001.xml" Id="4" N="4" Type="ImagePixelSource">
      <Size Width="134" Height="89" />
      <Viewport X="0" Y="-0.6653451" Width="4.003498" />
    </I>
    <I Source="/jellyfishDZApp.Web/sl/out/collection_images/sysadmin_20081015103554_0001.xml" Id="5" N="5" Type="ImagePixelSource">
      <Size Width="134" Height="89" />
      <Viewport X="-1.001166" Y="-0.6653451" Width="4.003498" />
    </I>
    <I Source="/jellyfishDZApp.Web/sl/out/collection_images/sysadmin_20081015103515_0001.xml" Id="6" N="6" Type="ImagePixelSource">
      <Size Width="134" Height="89" />
      <Viewport X="-2.002332" Y="-0.6653451" Width="4.003498" />
    </I>
    <I Source="/jellyfishDZApp.Web/sl/out/collection_images/sysadmin_20081015103438_0001.xml" Id="7" N="7" Type="ImagePixelSource">
      <Size Width="134" Height="89" />
      <Viewport X="-3.003498" Y="-0.6653451" Width="4.003498" />
    </I>
    <I Source="/jellyfishDZApp.Web/sl/out/collection_images/sysadmin_20081015103402_0001.xml" Id="8" N="8" Type="ImagePixelSource">
      <Size Width="134" Height="89" />
      <Viewport X="0" Y="-1.33069" Width="4.003498" />
    </I>
    <I Source="/jellyfishDZApp.Web/sl/out/collection_images/sysadmin_20081015103324_0001.xml" Id="9" N="9" Type="ImagePixelSource">
      <Size Width="134" Height="89" />
      <Viewport X="-1.001166" Y="-1.33069" Width="4.003498" />
    </I>
    <I Source="/jellyfishDZApp.Web/sl/out/collection_images/sysadmin_20081015103240_0001.xml" Id="10" N="10" Type="ImagePixelSource">
      <Size Width="134" Height="89" />
      <Viewport X="-2.002332" Y="-1.33069" Width="4.003498" />
    </I>
    <I Source="/jellyfishDZApp.Web/sl/out/collection_images/sysadmin_20081015103059_0001.xml" Id="11" N="11" Type="ImagePixelSource">
      <Size Width="215" Height="143" />
      <Viewport X="-15.01049" Y="-6.65035" Width="20.00816" />
    </I>
  </Items>
</Collection>