﻿<?xml version="1.0" encoding="utf-8" ?>

<Metadata version="1">

    <status code="200">OK</status>


        <AspectRatio></AspectRatio>
        <Dzcpath>out/20080717171125158/collection.xm1</Dzcpath>
        <SId>20080717171125158</SId>
    
            <Image id="0">
                <FileName></FileName>
                <x></x>
                <y></y>
                <Width></Width>
                <Height></Height>
                <ZOrder></ZOrder>
                <Tag>GUIDE</Tag>

                <AdditionalData>
                    <Title>annai</Title>
                    <Condition1></Condition1>
                    <Condition2></Condition2>
                    <UId>Paul_20080717122446_0001</UId>
                    <Date>2008/07/17 12:24:47</Date>
                    <Owner>Paul</Owner>
                    <Thumbnail>out/thumbs_files/Paul_20080717122446_0001_thumbnail.jpg</Thumbnail>
                    <Share>1</Share>
                </AdditionalData>
            </Image>
        
            <Image id="1">
                <FileName></FileName>
                <x></x>
                <y></y>
                <Width></Width>
                <Height></Height>
                <ZOrder></ZOrder>
                <Tag>CLOCK</Tag>

                <AdditionalData>
                    <Title>bigClock</Title>
                    <Condition1></Condition1>
                    <Condition2></Condition2>
                    <UId>SysAdmin_20080717121535_0001</UId>
                    <Date>2008/07/17 12:15:37</Date>
                    <Owner>SysAdmin</Owner>
                    <Thumbnail>out/thumbs_files/SysAdmin_20080717121535_0001_thumbnail.jpg</Thumbnail>
                    <Share>1</Share>
                </AdditionalData>
            </Image>
        
            <Image id="2">
                <FileName></FileName>
                <x></x>
                <y></y>
                <Width></Width>
                <Height></Height>
                <ZOrder></ZOrder>
                <Tag>BRIDGE</Tag>

                <AdditionalData>
                    <Title>bridge</Title>
                    <Condition1></Condition1>
                    <Condition2></Condition2>
                    <UId>Paul_20080717115733_0001</UId>
                    <Date>2008/07/17 11:57:35</Date>
                    <Owner>Paul</Owner>
                    <Thumbnail>out/thumbs_files/Paul_20080717115733_0001_thumbnail.jpg</Thumbnail>
                    <Share>1</Share>
                </AdditionalData>
            </Image>
        
            <Image id="3">
                <FileName></FileName>
                <x></x>
                <y></y>
                <Width></Width>
                <Height></Height>
                <ZOrder></ZOrder>
                <Tag>CLOCK, SEA</Tag>

                <AdditionalData>
                    <Title>front</Title>
                    <Condition1></Condition1>
                    <Condition2></Condition2>
                    <UId>SysAdmin_20080717121506_0001</UId>
                    <Date>2008/07/17 12:15:07</Date>
                    <Owner>SysAdmin</Owner>
                    <Thumbnail>out/thumbs_files/SysAdmin_20080717121506_0001_thumbnail.jpg</Thumbnail>
                    <Share>1</Share>
                </AdditionalData>
            </Image>
        
            <Image id="4">
                <FileName></FileName>
                <x></x>
                <y></y>
                <Width></Width>
                <Height></Height>
                <ZOrder></ZOrder>
                <Tag>KANGAROO</Tag>

                <AdditionalData>
                    <Title>kangaroo</Title>
                    <Condition1></Condition1>
                    <Condition2></Condition2>
                    <UId>SysAdmin_20080717120116_0001</UId>
                    <Date>2008/07/17 12:01:18</Date>
                    <Owner>SysAdmin</Owner>
                    <Thumbnail>out/thumbs_files/SysAdmin_20080717120116_0001_thumbnail.jpg</Thumbnail>
                    <Share>1</Share>
                </AdditionalData>
            </Image>
        
            <Image id="5">
                <FileName></FileName>
                <x></x>
                <y></y>
                <Width></Width>
                <Height></Height>
                <ZOrder></ZOrder>
                <Tag>NIGHT</Tag>

                <AdditionalData>
                    <Title>nightSeeing</Title>
                    <Condition1></Condition1>
                    <Condition2></Condition2>
                    <UId>SysAdmin_20080717120148_0001</UId>
                    <Date>2008/07/17 12:01:49</Date>
                    <Owner>SysAdmin</Owner>
                    <Thumbnail>out/thumbs_files/SysAdmin_20080717120148_0001_thumbnail.jpg</Thumbnail>
                    <Share>1</Share>
                </AdditionalData>
            </Image>
        
            <Image id="6">
                <FileName></FileName>
                <x></x>
                <y></y>
                <Width></Width>
                <Height></Height>
                <ZOrder></ZOrder>
                <Tag>TEL, TELEPHONE</Tag>

                <AdditionalData>
                    <Title>telephone</Title>
                    <Condition1></Condition1>
                    <Condition2></Condition2>
                    <UId>Paul_20080717115931_0001</UId>
                    <Date>2008/07/17 11:59:33</Date>
                    <Owner>Paul</Owner>
                    <Thumbnail>out/thumbs_files/Paul_20080717115931_0001_thumbnail.jpg</Thumbnail>
                    <Share>1</Share>
                </AdditionalData>
            </Image>
        
            <Image id="7">
                <FileName></FileName>
                <x></x>
                <y></y>
                <Width></Width>
                <Height></Height>
                <ZOrder></ZOrder>
                <Tag>CLOCK</Tag>

                <AdditionalData>
                    <Title>towerClock</Title>
                    <Condition1></Condition1>
                    <Condition2></Condition2>
                    <UId>Paul_20080717122417_0001</UId>
                    <Date>2008/07/17 12:24:19</Date>
                    <Owner>Paul</Owner>
                    <Thumbnail>out/thumbs_files/Paul_20080717122417_0001_thumbnail.jpg</Thumbnail>
                    <Share>1</Share>
                </AdditionalData>
            </Image>
        
            <Image id="8">
                <FileName></FileName>
                <x></x>
                <y></y>
                <Width></Width>
                <Height></Height>
                <ZOrder></ZOrder>
                <Tag>TURTLE, SEA</Tag>

                <AdditionalData>
                    <Title>turtle</Title>
                    <Condition1></Condition1>
                    <Condition2></Condition2>
                    <UId>Paul_20080717120045_0001</UId>
                    <Date>2008/07/17 12:00:45</Date>
                    <Owner>Paul</Owner>
                    <Thumbnail>out/thumbs_files/Paul_20080717120045_0001_thumbnail.jpg</Thumbnail>
                    <Share>1</Share>
                </AdditionalData>
            </Image>
        
            <Image id="9">
                <FileName></FileName>
                <x></x>
                <y></y>
                <Width></Width>
                <Height></Height>
                <ZOrder></ZOrder>
                <Tag>WHEEL, SEA</Tag>

                <AdditionalData>
                    <Title>wheel</Title>
                    <Condition1></Condition1>
                    <Condition2></Condition2>
                    <UId>Paul_20080717115959_0001</UId>
                    <Date>2008/07/17 12:00:00</Date>
                    <Owner>Paul</Owner>
                    <Thumbnail>out/thumbs_files/Paul_20080717115959_0001_thumbnail.jpg</Thumbnail>
                    <Share>1</Share>
                </AdditionalData>
            </Image>
        



</Metadata>
