<Collection MaxLevel="8" TileSize="256" Format="jpg" Quality="90" NextItemId="10">
  <Items>
    <I Source="http://localhost:50118/jellyfish/sl/out/collection_images/Paul_20080717122446_0001.xml" Id="0" N="0" Type="ImagePixelSource">
      <Size Width="200" Height="150" />
      <Viewport X="0" Y="0" Width="4.009375" />
    </I>
    <I Source="http://localhost:50118/jellyfish/sl/out/collection_images/SysAdmin_20080717121535_0001.xml" Id="1" N="1" Type="ImagePixelSource">
      <Size Width="200" Height="150" />
      <Viewport X="-1.003125" Y="0" Width="4.009375" />
    </I>
    <I Source="http://localhost:50118/jellyfish/sl/out/collection_images/Paul_20080717115733_0001.xml" Id="2" N="2" Type="ImagePixelSource">
      <Size Width="200" Height="150" />
      <Viewport X="-2.00625" Y="0" Width="4.009375" />
    </I>
    <I Source="http://localhost:50118/jellyfish/sl/out/collection_images/SysAdmin_20080717121506_0001.xml" Id="3" N="3" Type="ImagePixelSource">
      <Size Width="200" Height="150" />
      <Viewport X="-3.009375" Y="0" Width="4.009375" />
    </I>
    <I Source="http://localhost:50118/jellyfish/sl/out/collection_images/SysAdmin_20080717120116_0001.xml" Id="4" N="4" Type="ImagePixelSource">
      <Size Width="200" Height="150" />
      <Viewport X="0" Y="-0.753125" Width="4.009375" />
    </I>
    <I Source="http://localhost:50118/jellyfish/sl/out/collection_images/SysAdmin_20080717120148_0001.xml" Id="5" N="5" Type="ImagePixelSource">
      <Size Width="200" Height="150" />
      <Viewport X="-1.003125" Y="-0.753125" Width="4.009375" />
    </I>
    <I Source="http://localhost:50118/jellyfish/sl/out/collection_images/Paul_20080717115931_0001.xml" Id="6" N="6" Type="ImagePixelSource">
      <Size Width="200" Height="150" />
      <Viewport X="-2.00625" Y="-0.753125" Width="4.009375" />
    </I>
    <I Source="http://localhost:50118/jellyfish/sl/out/collection_images/Paul_20080717122417_0001.xml" Id="7" N="7" Type="ImagePixelSource">
      <Size Width="200" Height="150" />
      <Viewport X="-3.009375" Y="-0.753125" Width="4.009375" />
    </I>
    <I Source="http://localhost:50118/jellyfish/sl/out/collection_images/Paul_20080717120045_0001.xml" Id="8" N="8" Type="ImagePixelSource">
      <Size Width="256" Height="192" />
      <Viewport X="0" Y="-2.353516" Width="6.264648" />
    </I>
    <I Source="http://localhost:50118/jellyfish/sl/out/collection_images/Paul_20080717115959_0001.xml" Id="9" N="9" Type="ImagePixelSource">
      <Size Width="256" Height="192" />
      <Viewport X="-1.004883" Y="-2.353516" Width="6.264648" />
    </I>
  </Items>
</Collection>