﻿<?xml version="1.0" encoding="UTF-8"?>
<Collection MaxLevel="8" TileSize="256" Format="jpg" Quality="0.9499999881" NextItemId="6" xmlns="http://schemas.microsoft.com/deepzoom/2008">
  <Items>
    <I Id="0" N="0" IsPath="1" Source="dzc_output_images/tree.xml">
      <Size Width="1024" Height="768" />
      <Viewport Width="2.055016" X="0" Y="0" />
    </I>
    <I Id="1" N="1" IsPath="1" Source="dzc_output_images/forest.xml">
      <Size Width="1024" Height="768" />
      <Viewport Width="3.175" X="-0.24" Y="-0.13125" />
    </I>
    <I Id="2" N="2" IsPath="1" Source="dzc_output_images/forest flowers.xml">
      <Size Width="1024" Height="768" />
      <Viewport Width="7.38372" X="-3.317674" Y="-1.561046" />
    </I>
    <I Id="3" N="3" IsPath="1" Source="dzc_output_images/waterfall.xml">
      <Size Width="1024" Height="768" />
      <Viewport Width="2.408222" X="-1.408222" Y="-0.04547178" />
    </I>
    <I Id="4" N="4" IsPath="1" Source="dzc_output_images/garden.xml">
      <Size Width="1024" Height="768" />
      <Viewport Width="3.175" X="-1.175" Y="-1.25375" />
    </I>
    <I Id="5" N="5" IsPath="1" Source="dzc_output_images/winter leaves.xml">
      <Size Width="1024" Height="768" />
      <Viewport Width="3.175" X="-2.03" Y="-1.04875" />
    </I>
  </Items>
</Collection>