<?xml version="1.0"?>
<Metadata version="1">
  <AspectRatio>1.58452900810979</AspectRatio>
  <Image>
    <FileName>Y:\mydoc_kura\jellyfish\RC0\work\DeepZoom5\JFDeepZoom5\source images\tree.jpg</FileName>
    <x>0</x>
    <y>0</y>
    <Width>0.486614173228347</Width>
    <Height>0.578290704928259</Height>
    <ZOrder>1</ZOrder>
    <Tag />
  </Image>
  <Image>
    <FileName>Y:\mydoc_kura\jellyfish\RC0\work\DeepZoom5\JFDeepZoom5\source images\forest.jpg</FileName>
    <x>0.0755905511811025</x>
    <y>0.0655021834061136</y>
    <Width>0.31496062992126</Width>
    <Height>0.374298190892077</Height>
    <ZOrder>2</ZOrder>
    <Tag />
  </Image>
  <Image>
    <FileName>Y:\mydoc_kura\jellyfish\RC0\work\DeepZoom5\JFDeepZoom5\source images\forest flowers.jpg</FileName>
    <x>0.449322834645669</x>
    <y>0.334996880848409</y>
    <Width>0.135433070866142</Width>
    <Height>0.160948222083593</Height>
    <ZOrder>3</ZOrder>
    <Tag />
  </Image>
  <Image>
    <FileName>Y:\mydoc_kura\jellyfish\RC0\work\DeepZoom5\JFDeepZoom5\source images\waterfall.jpg</FileName>
    <x>0.584755905511811</x>
    <y>0.0299189020586398</y>
    <Width>0.415244094488189</Width>
    <Height>0.493474734872115</Height>
    <ZOrder>4</ZOrder>
    <Tag />
  </Image>
  <Image>
    <FileName>Y:\mydoc_kura\jellyfish\RC0\work\DeepZoom5\JFDeepZoom5\source images\garden.jpg</FileName>
    <x>0.37007874015748</x>
    <y>0.625701809107923</y>
    <Width>0.31496062992126</Width>
    <Height>0.374298190892077</Height>
    <ZOrder>5</ZOrder>
    <Tag />
  </Image>
  <Image>
    <FileName>Y:\mydoc_kura\jellyfish\RC0\work\DeepZoom5\JFDeepZoom5\source images\winter leaves.jpg</FileName>
    <x>0.639370078740158</x>
    <y>0.523393636930755</y>
    <Width>0.31496062992126</Width>
    <Height>0.374298190892077</Height>
    <ZOrder>6</ZOrder>
    <Tag />
  </Image>
</Metadata>