﻿<?xml version="1.0" encoding="utf-8"?><Collection MaxLevel="8" TileSize="256" Format="jpg" NextItemId="12" xmlns="http://schemas.microsoft.com/deepzoom/2008"><Items><I Id="0" N="0" Source="dzc_output_images/sysadmin_20081015103059_0001.xml"><Size Width="858" Height="570" /><Viewport Width="2.1" X="-0" Y="-0" /></I><I Id="1" N="1" Source="dzc_output_images/sysadmin_20081015105724_0001.xml"><Size Width="4288" Height="2848" /><Viewport Width="2.1" X="-0.1" Y="-0.099999999999999992" /></I><I Id="2" N="2" Source="dzc_output_images/sysadmin_20081015103240_0001.xml"><Size Width="4288" Height="2848" /><Viewport Width="2.1" X="-0.2" Y="-0.19999999999999998" /></I><I Id="3" N="3" Source="dzc_output_images/sysadmin_20081015103324_0001.xml"><Size Width="4288" Height="2848" /><Viewport Width="2.1" X="-0.3" Y="-0.3" /></I><I Id="4" N="4" Source="dzc_output_images/sysadmin_20081015103402_0001.xml"><Size Width="4288" Height="2848" /><Viewport Width="2.1" X="-0.4" Y="-0.39999999999999997" /></I><I Id="5" N="5" Source="dzc_output_images/sysadmin_20081015103438_0001.xml"><Size Width="4288" Height="2848" /><Viewport Width="2.1" X="-0.5" Y="-0.5" /></I><I Id="6" N="6" Source="dzc_output_images/sysadmin_20081015103515_0001.xml"><Size Width="4288" Height="2848" /><Viewport Width="2.1" X="-0.6" Y="-0.6" /></I><I Id="7" N="7" Source="dzc_output_images/sysadmin_20081015103554_0001.xml"><Size Width="4288" Height="2848" /><Viewport Width="2.1" X="-0.7" Y="-0.7" /></I><I Id="8" N="8" Source="dzc_output_images/sysadmin_20081015105233_0001.xml"><Size Width="4288" Height="2848" /><Viewport Width="2.1" X="-0.8" Y="-0.79999999999999993" /></I><I Id="9" N="9" Source="dzc_output_images/sysadmin_20081015105400_0001.xml"><Size Width="4288" Height="2848" /><Viewport Width="2.1" X="-0.9" Y="-0.89999999999999991" /></I><I Id="10" N="10" Source="dzc_output_images/sysadmin_20081015105525_0001.xml"><Size Width="4288" Height="2848" /><Viewport Width="2.1" X="-1" Y="-1" /></I><I Id="11" N="11" Source="dzc_output_images/sysadmin_20081015105626_0001.xml"><Size Width="4288" Height="2848" /><Viewport Width="2.1" X="-1.1" Y="-1.0999999999999999" /></I></Items></Collection>