<?xml version="1.0"?>
<SceneGraph version="1">
  <AspectRatio>1.19035532994924</AspectRatio>
  <SceneNode>
    <FileName>H:\mydoc_kura\Mix09\work\parts\DZ2fc\Source Images\sysadmin_20081015103059_0001.jpg</FileName>
    <x>0</x>
    <y>0</y>
    <Width>0.476190476190476</Width>
    <Height>0.376569285198727</Height>
    <ZOrder>1</ZOrder>
  </SceneNode>
  <SceneNode>
    <FileName>H:\mydoc_kura\Mix09\work\parts\DZ2fc\Source Images\sysadmin_20081015105724_0001.jpg</FileName>
    <x>0.0476190476190476</x>
    <y>0.0566835871404399</y>
    <Width>0.476190476190476</Width>
    <Height>0.376480541455161</Height>
    <ZOrder>2</ZOrder>
  </SceneNode>
  <SceneNode>
    <FileName>H:\mydoc_kura\Mix09\work\parts\DZ2fc\Source Images\sysadmin_20081015103240_0001.jpg</FileName>
    <x>0.0952380952380952</x>
    <y>0.11336717428088</y>
    <Width>0.476190476190476</Width>
    <Height>0.376480541455161</Height>
    <ZOrder>3</ZOrder>
  </SceneNode>
  <SceneNode>
    <FileName>H:\mydoc_kura\Mix09\work\parts\DZ2fc\Source Images\sysadmin_20081015103324_0001.jpg</FileName>
    <x>0.142857142857143</x>
    <y>0.17005076142132</y>
    <Width>0.476190476190476</Width>
    <Height>0.376480541455161</Height>
    <ZOrder>4</ZOrder>
  </SceneNode>
  <SceneNode>
    <FileName>H:\mydoc_kura\Mix09\work\parts\DZ2fc\Source Images\sysadmin_20081015103402_0001.jpg</FileName>
    <x>0.19047619047619</x>
    <y>0.22673434856176</y>
    <Width>0.476190476190476</Width>
    <Height>0.376480541455161</Height>
    <ZOrder>5</ZOrder>
  </SceneNode>
  <SceneNode>
    <FileName>H:\mydoc_kura\Mix09\work\parts\DZ2fc\Source Images\sysadmin_20081015103438_0001.jpg</FileName>
    <x>0.238095238095238</x>
    <y>0.2834179357022</y>
    <Width>0.476190476190476</Width>
    <Height>0.376480541455161</Height>
    <ZOrder>6</ZOrder>
  </SceneNode>
  <SceneNode>
    <FileName>H:\mydoc_kura\Mix09\work\parts\DZ2fc\Source Images\sysadmin_20081015103515_0001.jpg</FileName>
    <x>0.285714285714286</x>
    <y>0.34010152284264</y>
    <Width>0.476190476190476</Width>
    <Height>0.376480541455161</Height>
    <ZOrder>7</ZOrder>
  </SceneNode>
  <SceneNode>
    <FileName>H:\mydoc_kura\Mix09\work\parts\DZ2fc\Source Images\sysadmin_20081015103554_0001.jpg</FileName>
    <x>0.333333333333333</x>
    <y>0.39678510998308</y>
    <Width>0.476190476190476</Width>
    <Height>0.376480541455161</Height>
    <ZOrder>8</ZOrder>
  </SceneNode>
  <SceneNode>
    <FileName>H:\mydoc_kura\Mix09\work\parts\DZ2fc\Source Images\sysadmin_20081015105233_0001.jpg</FileName>
    <x>0.380952380952381</x>
    <y>0.453468697123519</y>
    <Width>0.476190476190476</Width>
    <Height>0.376480541455161</Height>
    <ZOrder>9</ZOrder>
  </SceneNode>
  <SceneNode>
    <FileName>H:\mydoc_kura\Mix09\work\parts\DZ2fc\Source Images\sysadmin_20081015105400_0001.jpg</FileName>
    <x>0.428571428571429</x>
    <y>0.510152284263959</y>
    <Width>0.476190476190476</Width>
    <Height>0.376480541455161</Height>
    <ZOrder>10</ZOrder>
  </SceneNode>
  <SceneNode>
    <FileName>H:\mydoc_kura\Mix09\work\parts\DZ2fc\Source Images\sysadmin_20081015105525_0001.jpg</FileName>
    <x>0.476190476190476</x>
    <y>0.566835871404399</y>
    <Width>0.476190476190476</Width>
    <Height>0.376480541455161</Height>
    <ZOrder>11</ZOrder>
  </SceneNode>
  <SceneNode>
    <FileName>H:\mydoc_kura\Mix09\work\parts\DZ2fc\Source Images\sysadmin_20081015105626_0001.jpg</FileName>
    <x>0.523809523809524</x>
    <y>0.623519458544839</y>
    <Width>0.476190476190476</Width>
    <Height>0.376480541455161</Height>
    <ZOrder>12</ZOrder>
  </SceneNode>
</SceneGraph>